{
  "best_model": "GradientBoosting",
  "best_accuracy": 0.9394673123486683,
  "best_params": {
    "n_estimators": 200,
    "learning_rate": 0.2,
    "max_depth": 5,
    "random_state": 42
  },
  "classification_report": {
    "0": {
      "precision": 0.9464544138929089,
      "recall": 0.9805097451274363,
      "f1-score": 0.9631811487481591,
      "support": 667.0
    },
    "1": {
      "precision": 0.9037037037037037,
      "recall": 0.7672955974842768,
      "f1-score": 0.8299319727891157,
      "support": 159.0
    },
    "accuracy": 0.9394673123486683,
    "macro avg": {
      "precision": 0.9250790587983062,
      "recall": 0.8739026713058565,
      "f1-score": 0.8965565607686374,
      "support": 826.0
    },
    "weighted avg": {
      "precision": 0.9382251609630256,
      "recall": 0.9394673123486683,
      "f1-score": 0.9375314889691181,
      "support": 826.0
    }
  },
  "confusion_matrix": [
    [
      654,
      13
    ],
    [
      37,
      122
    ]
  ]
}